{"cameraMode":{"drawMode":0,"name":"Shaded","section":"Shading Mode"},"sceneLighting":true,"audioPlay":false,"sceneViewState":{"showFog":true,"showMaterialUpdate":false,"showSkybox":true,"showFlares":true,"showImageEffects":true,"showParticleSystems":true},"in2DMode":false,"pivot":{"x":4.64268159866333,"y":0.05757051706314087,"z":1.179012656211853},"rotation":{"x":-0.01058393344283104,"y":-0.9724147915840149,"z":0.22871005535125733,"w":-0.04497674107551575},"size":14.119620323181153,"orthographic":true}